{"normals":[-0.417249,-0.809473,-0.413068,-0.473281,-0.514786,-0.714805,-0.68688,0.547807,0.477523,-0.625141,0.224769,0.747429,0.675649,0.421369,0.604907,0.557543,0.784967,0.269997,0.844234,-0.417341,-0.336222,0.728172,-0.0638142,-0.682394,-0.347758,-0.212958,-0.913053,0.616352,-0.784631,-0.0666524,0.297952,-0.954527,-0.00750755,-0.201453,-0.064333,-0.977355,-0.551897,0.802545,0.226417,0.444441,0.0706198,0.893002,0.119144,-0.0648518,0.990753,-0.417402,-0.205329,0.885189,-0.264992,-0.963622,0.0343333,-0.397351,0.910245,0.116184,-0.852748,0.505295,0.132115,-0.708518,-0.212226,-0.672994,-0.27842,0.0931425,0.955901,-0.0648518,-0.969481,-0.236427,0.168798,0.985565,0.0112918,0.337413,0.146794,-0.929807,0.305856,-0.94055,-0.147496,0.504471,-0.850185,-0.150548,-0.450697,-0.121097,-0.884396,-0.165563,0.085757,-0.982452,0.101718,0.0749535,0.991974,-0.337474,0.941038,-0.0227668,-0.734642,-0.440809,-0.515671,-0.887051,0.317423,0.335124,-0.629536,0.768548,0.113865,0.308573,0.124393,0.943022,-0.0103153,-0.98941,0.144658,-0.154576,-0.271859,0.949828],"uvs":[[0.556052,0.544937,0.556052,0.537504,0.569544,0.537504,0.569544,0.544937,0.613949,0.566532,0.603956,0.563269,0.589692,0.583206,0.613956,0.591104,0.556052,0.562964,0.569544,0.562964,0.613937,0.591098,0.589675,0.583194,0.603944,0.56326,0.613936,0.566526,0.597675,0.550546,0.574015,0.556961,0.576041,0.530961,0.598386,0.532595,0.556052,0.527482,0.569544,0.527482,0.597685,0.550556,0.574026,0.556977,0.556052,0.523336,0.569544,0.523336,0.569062,0.50026,0.556534,0.50026,0.557732,0.482978,0.567864,0.482978,0.598391,0.532605,0.576046,0.530977,0.556534,0.504905,0.569062,0.504905,0.556534,0.51479,0.569062,0.51479,0.557732,0.468918,0.567865,0.468918,0.569062,0.500546,0.556534,0.500546,0.557732,0.482725,0.567864,0.482725,0.58524,0.508251,0.605127,0.508249,0.605127,0.508257,0.58524,0.508264,0.556052,0.587685,0.569544,0.587686,0.569544,0.595118,0.556052,0.595118,0.638216,0.583192,0.62394,0.563263,0.556052,0.569658,0.569544,0.569658,0.569544,0.587686,0.623927,0.563258,0.638199,0.583191,0.630194,0.550544,0.629481,0.532593,0.651826,0.530956,0.653855,0.556956,0.569544,0.60514,0.556052,0.60514,0.653866,0.556953,0.630204,0.550546,0.569544,0.609286,0.556052,0.609286,0.556534,0.50026,0.557732,0.482978,0.567865,0.482978,0.651831,0.530954,0.629486,0.532596,0.569062,0.627718,0.556534,0.627718,0.569062,0.617832,0.556534,0.617832,0.557733,0.468918,0.567865,0.468918,0.556534,0.500293,0.557732,0.482472,0.567864,0.482472,0.569062,0.500293,0.622737,0.508248,0.642623,0.508247,0.622737,0.508252]],"vertices":[-0.430238,-0.611756,0.320342,-0.46114,-0.458012,0.492853,-0.13395,-0.599155,0.362188,-0.164853,-0.445411,0.534699,-0.52041,-0.729788,0.409382,-0.551312,-0.576045,0.581892,-0.333376,-0.708463,0.738945,-0.302474,-0.862207,0.566435,-0.710169,-0.822422,0.4692,-0.738863,-0.679663,0.629386,-0.612027,-0.849012,0.803033,-0.583333,-0.991771,0.642848,-1.00548,-0.900301,0.513682,-1.02869,-0.784844,0.643232,-0.90082,-0.927161,0.792973,-0.877613,-1.04262,0.663422,-0.460958,-0.521444,0.234353,-0.558719,-0.468735,0.169865,-0.491861,-0.3677,0.406863,-0.589622,-0.314991,0.342376,-0.208816,-0.380021,0.153482,-0.445918,-0.251884,-0.00318875,-0.239719,-0.226278,0.325993,-0.47682,-0.09814,0.169322,-0.729482,-0.497056,0.164516,-0.760385,-0.343313,0.337027,-0.846688,-0.137063,0.137755,-0.815785,-0.290807,-0.0347558,-0.910056,-0.599914,0.235093,-0.938751,-0.457155,0.395278,-1.09923,-0.306676,0.232421,-1.07053,-0.449435,0.0722361,-1.11867,-0.7743,0.381112,-1.14188,-0.658843,0.510662,-1.26972,-0.516513,0.360914,-1.24651,-0.63197,0.231364],"metadata":{"uvs":1,"faces":34,"type":"Geometry","bones":16,"normals":36,"vertices":36,"generator":"io_three","version":3},"faces":[41,16,0,1,18,0,1,2,3,0,1,2,3,41,18,1,3,22,4,5,6,7,3,2,4,5,41,22,3,2,20,8,0,3,9,5,4,6,7,41,0,16,20,2,12,13,10,11,1,0,7,6,41,4,7,11,8,14,15,16,17,8,9,10,11,41,1,0,4,5,2,1,18,19,2,1,8,12,41,0,2,7,4,12,11,15,14,1,6,9,8,41,3,1,5,6,6,5,20,21,4,2,12,13,41,2,3,6,7,3,0,22,23,6,4,13,9,41,11,10,14,15,24,25,26,27,10,14,15,16,41,6,5,9,10,21,20,28,29,13,12,17,14,41,7,6,10,11,23,22,30,31,9,13,14,10,41,5,4,8,9,19,18,32,33,12,8,11,17,41,14,13,12,15,26,34,35,27,15,18,19,16,41,9,8,12,13,36,37,38,39,17,11,19,18,41,8,11,15,12,17,16,40,41,11,10,16,19,41,10,9,13,14,29,28,42,43,14,17,18,15,41,16,18,19,17,44,45,46,47,0,3,20,21,41,18,22,23,19,4,7,48,49,3,5,22,20,41,22,20,21,23,50,51,52,44,5,7,23,22,41,20,16,17,21,10,13,53,54,7,0,21,23,41,24,28,31,27,55,56,57,58,24,25,26,27,41,19,25,24,17,46,59,60,47,20,28,24,21,41,17,24,27,21,53,55,58,54,21,24,27,23,41,23,26,25,19,48,61,62,49,22,29,28,20,41,21,27,26,23,52,63,64,44,23,27,29,22,41,31,35,34,30,65,66,67,24,26,30,31,32,41,26,30,29,25,61,68,69,62,29,32,33,28,41,27,31,30,26,63,70,71,64,27,26,32,29,41,25,29,28,24,59,72,73,60,28,33,25,24,41,34,35,32,33,67,66,74,75,31,30,34,35,41,29,33,32,28,76,77,78,79,33,35,34,25,41,28,32,35,31,56,80,81,57,25,34,30,26,41,30,34,33,29,68,81,82,69,32,31,35,33],"influencesPerVertex":4,"bones":[{"pos":[0,0,0],"rotq":[0,0,0,1],"parent":-1,"name":"root"},{"pos":[0,0.3,-0.04],"rotq":[0,0,0,1],"parent":0,"name":"hips"},{"pos":[0,0.2,-0.16],"rotq":[0,0,0,1],"parent":1,"name":"spine"},{"pos":[0,0.5,0.1],"rotq":[0,0,0,1],"parent":2,"name":"head"},{"pos":[0.12,0.45,0.19],"rotq":[0,0,0,1],"parent":2,"name":"armUpper_L"},{"pos":[0.28,-0.12,0.01],"rotq":[0,0,0,1],"parent":4,"name":"armLower_L"},{"pos":[-0.12,0.45,0.19],"rotq":[0,0,0,1],"parent":2,"name":"armUpper_R"},{"pos":[-0.28,-0.12,0.01],"rotq":[0,0,0,1],"parent":6,"name":"armLower_R"},{"pos":[0.22,0.16,0.01],"rotq":[0,0,0,1],"parent":1,"name":"legUpper_L"},{"pos":[-0.05,-0.28,0.05],"rotq":[0,0,0,1],"parent":8,"name":"legLower_L"},{"pos":[0,-0.18,-0.13],"rotq":[0,0,0,1],"parent":9,"name":"foot_L"},{"pos":[-0.22,0.16,0.01],"rotq":[0,0,0,1],"parent":1,"name":"legUpper_R"},{"pos":[0.05,-0.28,0.05],"rotq":[0,0,0,1],"parent":11,"name":"legLower_R"},{"pos":[0,-0.18,-0.13],"rotq":[0,0,0,1],"parent":12,"name":"foot_R"},{"pos":[0,0.23,-0.23],"rotq":[0,0,0,1],"parent":1,"name":"tail_01"},{"pos":[0,-0.07,-0.27],"rotq":[0,0,0,1],"parent":14,"name":"tail_02"}],"name":"Cube.001Geometry","skinWeights":[1,0,0,0,1,0,0,0,1,0,0,0,1,0,0,0,1,0,0,0,1,0,0,0,1,0,0,0,1,0,0,0,1,0,0,0,1,0,0,0,1,0,0,0,1,0,0,0,1,0,0,0,1,0,0,0,1,0,0,0,1,0,0,0,1,0,0,0,1,0,0,0,1,0,0,0,1,0,0,0,1,0,0,0,1,0,0,0,1,0,0,0,1,0,0,0,1,0,0,0,1,0,0,0,1,0,0,0,1,0,0,0,1,0,0,0,1,0,0,0,1,0,0,0,1,0,0,0,1,0,0,0,1,0,0,0,1,0,0,0,1,0,0,0],"skinIndices":[7,0,0,0,7,0,0,0,7,0,0,0,7,0,0,0,7,0,0,0,7,0,0,0,7,0,0,0,7,0,0,0,7,0,0,0,7,0,0,0,7,0,0,0,7,0,0,0,7,0,0,0,7,0,0,0,7,0,0,0,7,0,0,0,7,0,0,0,7,0,0,0,7,0,0,0,7,0,0,0,7,0,0,0,7,0,0,0,7,0,0,0,7,0,0,0,7,0,0,0,7,0,0,0,7,0,0,0,7,0,0,0,7,0,0,0,7,0,0,0,7,0,0,0,7,0,0,0,7,0,0,0,7,0,0,0,7,0,0,0,7,0,0,0]}