{"faces":[41,7,6,10,8,0,1,2,3,0,0,0,0,41,13,1,3,12,4,5,6,7,1,1,1,1,40,2,14,11,8,9,10,2,3,4,40,9,4,16,11,12,13,5,6,7,40,9,17,0,11,14,15,5,8,9,41,15,16,4,5,16,13,12,17,10,7,6,11,41,2,0,17,14,8,15,14,9,2,9,8,3,40,14,15,11,9,16,10,3,10,4,40,16,17,9,13,14,11,7,8,5,41,16,15,14,17,13,16,9,14,7,10,3,8,40,11,15,5,10,16,17,4,10,11,40,21,19,20,18,19,20,12,12,12,40,18,19,21,21,19,18,12,12,12],"normals":[0.691702,0.361064,-0.625385,-0.27955,-0.480056,0.831477,-0.413526,0.905728,-0.092746,-0.561937,0.822077,-0.091433,0,0.866024,0.499985,0,-0.866024,-0.499985,-0.668508,-0.593371,-0.448286,-0.705527,-0.456191,-0.542283,-0.561937,-0.331828,-0.757683,-0.413526,-0.372539,-0.830775,-0.705527,0.697714,0.123905,-0.668508,0.684896,0.289712,0,1,0],"vertices":[-0.166822,0.493028,-0.350411,0.279293,0.279375,0.019647,-0.166822,1.01264,-0.050411,0.279293,0.79899,0.319647,-0.313822,0.365722,-0.129911,-0.313822,0.885337,0.170089,-0.166822,1.01264,-0.050411,-0.166822,0.493028,-0.350411,0.279293,0.279375,0.019647,0.279293,0.279375,0.019647,0.279293,0.79899,0.319647,0.279293,0.79899,0.319647,-0.313822,0.885337,0.170089,-0.313822,0.365722,-0.129911,-0.240583,0.984039,-0.000868,-0.301159,0.931579,0.089996,-0.301159,0.411964,-0.210004,-0.240583,0.464424,-0.300868,-0.209971,0.06,-0.321739,-0.298402,0.06,-0.096605,-0.321739,0.06,0.089971,0.278567,0.06,0.045963],"uvs":[[0.035456,0.004912,0.035456,0.055699,0.089264,0.055699,0.089264,0.004912,0.035456,0.004912,0.089264,0.004912,0.089264,0.055699,0.035456,0.055699,0.029044,0.041685,0.020907,0.042826,0.015399,0.00163,0.01524,0.120781,0.001595,0.080726,0.009732,0.079585,0.020635,0.079525,0.029044,0.080653,0.010003,0.042886,0.001595,0.041758,0.51314,0.987061,0.502935,0.991288,0.502935,0.982834,0.508913,0.997266]],"name":"PlaneGeometry","metadata":{"faces":13,"normals":13,"type":"Geometry","generator":"io_three","vertices":22,"uvs":1,"version":3}}