{"faces":[41,15,14,5,4,0,1,2,3,0,1,2,3,41,4,5,7,6,3,2,4,5,3,2,4,5,41,6,7,9,8,5,4,2,3,5,4,6,7,41,8,9,13,12,3,2,6,7,7,6,8,9,40,6,17,4,5,8,3,5,10,3,40,9,19,13,2,9,6,6,11,8,40,4,17,15,3,8,0,3,10,0,40,7,19,9,4,9,2,4,11,6,40,5,19,7,2,9,4,2,11,4,40,14,19,5,1,9,2,1,11,2,41,16,0,1,18,12,13,10,11,12,12,12,12,40,12,17,8,7,8,3,9,10,7,41,2,10,11,3,14,15,16,17,13,13,13,13,40,8,17,6,3,8,5,7,10,5,40,24,23,20,18,19,20,14,15,15,40,24,21,22,18,21,22,14,15,15,40,20,21,24,20,21,18,15,15,14],"normals":[-0.686026,-0.68508,-0.244881,-0.686026,0.554613,0.47087,-0.757012,0.598254,0.262642,-0.757012,-0.526597,-0.386761,-0.638478,0.769402,0.018555,-0.638478,-0.400769,-0.657033,-0.440565,0.872311,-0.211982,-0.440565,-0.252541,-0.861446,-0.230018,0.949553,-0.213141,-0.230018,-0.29017,-0.928892,0,-0.866024,-0.499985,0,0.866024,0.499985,0.93054,0.18305,-0.317057,0.148198,-0.494461,0.856441,0,0.999969,0,0,1,0],"vertices":[0.054115,0.706865,-0.452942,0.054115,0.966673,-0.302942,-0.365885,0.343135,0.177058,-0.365885,0.602942,0.327058,-0.396233,0.422918,0.038868,-0.396233,0.682726,0.188868,-0.285788,0.5625,-0.202894,-0.285788,0.822308,-0.052894,-0.099248,0.680115,-0.406609,-0.099248,0.939922,-0.256609,0.301008,0.393107,0.090504,0.301008,0.652914,0.240504,0.054115,0.706865,-0.452942,0.054115,0.966673,-0.302942,-0.365885,0.602942,0.327058,-0.365885,0.343135,0.177058,0.301008,0.393107,0.090504,0.301008,0.393107,0.090504,0.301008,0.652914,0.240504,0.301008,0.652914,0.240504,-0.209971,0.06,-0.321739,-0.358402,0.06,-0.096605,-0.381739,0.06,0.209971,0.096605,0.06,-0.358402,0.218567,0.06,0.165963],"uvs":[[0.200372,0.060732,0.200372,0.091051,0.18891,0.086085,0.18891,0.065655,0.173287,0.086085,0.173287,0.065655,0.200372,0.091008,0.200372,0.06069,0.173287,0.004469,0.173287,0.147271,0.098311,0.121106,0.167645,0.121106,0.167645,0.086834,0.098311,0.086834,0.098311,0.086834,0.167645,0.086834,0.167645,0.121106,0.098311,0.121106,0.51314,0.987061,0.517367,0.997266,0.508913,0.997266,0.502935,0.991288,0.502935,0.982834]],"name":"CylinderGeometry","metadata":{"faces":17,"normals":16,"type":"Geometry","generator":"io_three","vertices":25,"uvs":1,"version":3}}