{"faces":[41,0,1,3,2,0,1,2,3,0,0,0,0,41,20,4,5,22,4,5,6,7,1,2,3,4,41,22,5,7,26,8,9,10,11,4,3,5,6,41,26,7,6,24,12,4,7,13,6,5,7,8,41,24,6,4,20,14,15,16,17,8,7,2,1,41,8,11,15,12,18,19,20,21,9,10,11,12,41,5,4,8,9,6,5,22,23,3,2,9,13,41,4,6,11,8,16,15,19,18,2,7,10,9,41,7,5,9,10,10,9,24,25,5,3,13,14,41,6,7,10,11,7,4,26,27,7,5,14,10,41,15,14,18,19,28,29,30,31,11,15,16,17,41,10,9,13,14,25,24,32,33,14,13,18,15,41,11,10,14,15,27,26,34,35,10,14,15,11,41,9,8,12,13,23,22,36,37,13,9,12,18,41,18,17,16,19,30,38,39,31,16,19,20,17,41,13,12,16,17,40,41,42,43,18,12,20,19,41,12,15,19,16,21,20,44,45,12,11,17,20,41,14,13,17,18,33,32,46,47,15,18,19,16,41,20,22,23,21,48,49,50,51,1,4,21,22,41,22,26,27,23,8,11,52,53,4,6,23,21,41,26,24,25,27,54,55,56,48,6,8,24,23,41,24,20,21,25,14,17,57,58,8,1,22,24,41,28,32,35,31,59,60,61,62,25,26,27,28,41,23,29,28,21,50,63,64,51,21,29,25,22,41,21,28,31,25,57,59,62,58,22,25,28,24,41,27,30,29,23,52,65,66,53,23,30,29,21,41,25,31,30,27,56,67,68,48,24,28,30,23,41,35,39,38,34,69,70,71,28,27,31,32,33,41,30,34,33,29,65,72,73,66,30,33,34,29,41,31,35,34,30,67,74,75,68,28,27,33,30,41,29,33,32,28,63,76,77,64,29,34,26,25,41,38,39,36,37,71,70,78,79,32,31,35,36,41,33,37,36,32,80,81,82,83,34,36,35,26,41,32,36,39,35,60,84,85,61,26,35,31,27,41,34,38,37,33,72,85,86,73,33,32,36,34],"uvs":[[0.502758,0.980319,0.523977,0.980319,0.523977,0.993707,0.502758,0.993707,0.556052,0.544937,0.556052,0.537504,0.569544,0.537504,0.569544,0.544937,0.613949,0.566532,0.603956,0.563269,0.589692,0.583206,0.613956,0.591104,0.556052,0.562964,0.569544,0.562964,0.613937,0.591098,0.589675,0.583194,0.603944,0.56326,0.613936,0.566526,0.597675,0.550546,0.574015,0.556961,0.576041,0.530961,0.598386,0.532595,0.556052,0.527482,0.569544,0.527482,0.597685,0.550556,0.574026,0.556977,0.556052,0.523336,0.569544,0.523336,0.569062,0.50026,0.556534,0.50026,0.557732,0.482978,0.567864,0.482978,0.598391,0.532605,0.576046,0.530977,0.556534,0.504905,0.569062,0.504905,0.556534,0.51479,0.569062,0.51479,0.557732,0.468918,0.567865,0.468918,0.569062,0.500546,0.556534,0.500546,0.557732,0.482725,0.567864,0.482725,0.58524,0.508251,0.605127,0.508249,0.605127,0.508257,0.58524,0.508264,0.556052,0.587685,0.569544,0.587686,0.569544,0.595118,0.556052,0.595118,0.638216,0.583192,0.62394,0.563263,0.556052,0.569658,0.569544,0.569658,0.569544,0.587686,0.623927,0.563258,0.638199,0.583191,0.630194,0.550544,0.629481,0.532593,0.651826,0.530956,0.653855,0.556956,0.569544,0.60514,0.556052,0.60514,0.653866,0.556953,0.630204,0.550546,0.569544,0.609286,0.556052,0.609286,0.556534,0.50026,0.557732,0.482978,0.567865,0.482978,0.651831,0.530954,0.629486,0.532596,0.569062,0.627718,0.556534,0.627718,0.569062,0.617832,0.556534,0.617832,0.557733,0.468918,0.567865,0.468918,0.556534,0.500293,0.557732,0.482472,0.567864,0.482472,0.569062,0.500293,0.622737,0.508248,0.642623,0.508247,0.622737,0.508252]],"vertices":[-0.456452,0.018,0.1296,0.456452,0.018,0.18,-0.456452,0.018,-0.1296,0.456452,0.018,-0.18,0.211766,1.2165,0.147181,0.211766,1.2165,-0.147181,0.519246,1.43662,0.147181,0.519246,1.43662,-0.147181,0.015641,1.31319,0.147181,0.015641,1.31319,-0.147181,0.114579,1.67816,-0.147181,0.114579,1.67816,0.147181,-0.26105,1.30217,0.136665,-0.26105,1.30217,-0.136665,-0.286337,1.64684,-0.136666,-0.286337,1.64684,0.136665,-0.635689,1.19816,0.110529,-0.635689,1.19816,-0.110529,-0.635671,1.50492,-0.110529,-0.635671,1.50492,0.110529,0.262155,1.06237,0.147181,0.211766,0.908244,0.147181,0.262155,1.06237,-0.147181,0.211766,0.908244,-0.147181,0.641187,1.06237,0.147181,0.519246,0.688127,0.147181,0.641187,1.06237,-0.147181,0.519246,0.688127,-0.147181,0.015641,0.811564,0.147181,0.015641,0.811564,-0.147181,0.114579,0.446588,-0.147181,0.114579,0.446588,0.147181,-0.26105,0.822583,0.136665,-0.26105,0.822583,-0.136665,-0.286337,0.47791,-0.136665,-0.286337,0.47791,0.136665,-0.635689,0.926586,0.110529,-0.635689,0.926586,-0.110529,-0.635671,0.619827,-0.110529,-0.635671,0.619827,0.110529],"metadata":{"faces":35,"uvs":1,"version":3,"type":"Geometry","generator":"io_three","vertices":40,"normals":37},"name":"Cube.009Geometry","normals":[0,1,0,-0.620533,0,0.784173,-0.447493,-0.388073,0.805658,-0.447493,-0.388073,-0.805658,-0.620533,0,-0.784173,0.603046,0.481521,-0.635914,0.765374,0,-0.643544,0.603046,0.481521,0.635914,0.765374,0,0.643544,-0.146458,-0.621021,0.769951,0.16599,0.742912,0.648457,-0.197363,0.711325,0.674551,0.063753,-0.670736,0.738945,-0.146458,-0.621021,-0.769951,0.16599,0.742912,-0.648457,-0.197363,0.711325,-0.674551,-0.685812,0.446211,-0.574908,-0.685812,0.446211,0.574908,0.063753,-0.670736,-0.738945,-0.513779,-0.66332,-0.544023,-0.513779,-0.66332,0.544023,-0.447493,0.388073,-0.805658,-0.447493,0.388073,0.805658,0.603046,-0.481521,-0.635914,0.603046,-0.481521,0.635914,-0.146458,0.621021,0.769951,0.063753,0.670736,0.738945,-0.197363,-0.711325,0.674551,0.16599,-0.742912,0.648457,-0.146458,0.621021,-0.769951,0.16599,-0.742912,-0.648457,-0.685812,-0.446211,0.574908,-0.685812,-0.446211,-0.574908,-0.197363,-0.711325,-0.674551,0.063753,0.670736,-0.738945,-0.513779,0.66332,0.544023,-0.513779,0.66332,-0.544023]}